Subtema,Etiqueta,Expresión
Educación y Tecnología,Topic,technology-enhanced learning
Educación y Tecnología,Topic,AI-driven education
Educación y Tecnología,Topic,digital learning platforms
Educación y Tecnología,Reason,increasing access to quality resources
Educación y Tecnología,Reason,tailoring instruction to individual needs
Educación y Tecnología,Reason,promoting digital skills for the future
Educación y Tecnología,Criticism,overreliance on devices
Educación y Tecnología,Criticism,reduced face-to-face interaction
Educación y Tecnología,Criticism,unequal access to technology
Educación y Tecnología,Positive counterpoint,digital tools can support collaboration
Educación y Tecnología,Positive counterpoint,"tech complements, not replaces, the teacher"
Educación y Tecnología,Positive counterpoint,hybrid models combine the best of both worlds
Educación y Tecnología,Example,platforms like Khan Academy or Coursera
Educación y Tecnología,Example,virtual classrooms during the pandemic
Educación y Tecnología,Future prediction,redefine the classroom experience
Educación y Tecnología,Future prediction,become the backbone of future education
Educación Inclusiva,Topic,inclusive education
Educación Inclusiva,Topic,special needs support in schools
Educación Inclusiva,Topic,universal access to learning
Educación Inclusiva,Reason,promoting educational equity
Educación Inclusiva,Reason,accommodating diverse learning needs
Educación Inclusiva,Criticism,lack of trained staff
Educación Inclusiva,Criticism,limited funding for inclusive programs
Educación Inclusiva,Positive counterpoint,targeted strategies increase engagement
Educación Inclusiva,Positive counterpoint,inclusive schools show better outcomes for all
Educación Inclusiva,Example,success of universal design for learning (UDL)
Educación Inclusiva,Example,classrooms using differentiated instruction
Educación Inclusiva,Future prediction,more inclusive systems through policy change
