Bloque,Función,Expresión
Introducción,Frase de apertura,"It is widely acknowledged that {Topic}, a cornerstone of modern society, has sparked intense debate in recent years."
Introducción,Tesis,"This essay contends that {Topic} plays a pivotal role, owing to its impact on both {Reason 1} and {Reason 2}."
Introducción,Transición,"To set the stage for this discussion, the following paragraphs will explore these arguments in detail."
Párrafo 1,Idea principal,"To begin with, it must be noted that {Topic} is of paramount importance due to its influence on {Reason 1}."
Párrafo 1,Argumento y explicación,"Having long been regarded as essential, {Topic} not only fosters {Positive effect}, but also mitigates {Problem}."
Párrafo 1,Ejemplo,"For instance, were this issue to be neglected, the ripple effects would be far-reaching."
Párrafo 1,Crítica,"Nevertheless, some critics maintain that {Criticism}, fearing unintended consequences."
Párrafo 1,Refutación,"However, this standpoint fails to take into account the growing evidence of {Positive counterpoint}."
Párrafo 1,Cierre,"Taken together, these points highlight how {Topic} remains integral to contemporary progress."
Párrafo 2,Idea principal,"Furthermore, {Topic} has been shown to contribute significantly to {Reason 2}."
Párrafo 2,Explicación,"The individuals involved, many of whom have encountered {Situation}, often attest to its positive impact."
Párrafo 2,Ejemplo,"Should this approach be expanded more broadly, it may well pave the way for long-term improvement."
Párrafo 2,Crítica,"Admittedly, detractors argue that {Criticism}, casting doubt on its effectiveness."
Párrafo 2,Refutación,Yet this critique overlooks the fact that {Topic} can be tailored to diverse needs.
Párrafo 2,Cierre,"Consequently, the long-term advantages of {Topic} should not be underestimated."
Párrafo 3,Comparación,"When compared to more conventional models, this approach appears markedly more adaptive."
Párrafo 3,Ejemplo,"A case in point is the success of countries that have embraced this practice, where outcomes have improved dramatically."
Párrafo 3,Lección,This comparison sheds light on the broader implications of adopting such strategies.
Párrafo 3,Cierre,"In this regard, {Topic} can be seen as a blueprint for future policy."
Conclusión,Resumen,"In conclusion, while debate surrounding {Topic} persists, the advantages rooted in {Reason 1} and {Reason 2} carry substantial weight."
Conclusión,Frase final,"Ultimately, {Topic} is poised to shape the future, provided it is implemented with foresight and flexibility."
